<?xml version='1.0' encoding='UTF-8'?>
<?artifactRepository version='1.1.0'?>
<repository name='Bundle pool' type='org.eclipse.equinox.p2.artifact.repository.simpleRepository' version='1'>
  <properties size='2'>
    <property name='p2.system' value='true'/>
    <property name='p2.timestamp' value='1487511454678'/>
  </properties>
  <mappings size='3'>
    <rule filter='(&amp; (classifier=osgi.bundle))' output='${repoUrl}/plugins/${id}_${version}.jar'/>
    <rule filter='(&amp; (classifier=binary))' output='${repoUrl}/binary/${id}_${version}'/>
    <rule filter='(&amp; (classifier=org.eclipse.update.feature))' output='${repoUrl}/features/${id}_${version}.jar'/>
  </mappings>
  <artifacts size='69'>
    <artifact classifier='osgi.bundle' id='org.eclipse.emf.ecore.xmi' version='2.12.0.v20160420-0247'>
      <properties size='1'>
        <property name='download.size' value='230424'/>
      </properties>
    </artifact>
    <artifact classifier='osgi.bundle' id='org.eclipse.swt' version='3.105.2.v20161122-0613'>
      <properties size='1'>
        <property name='download.size' value='19649'/>
      </properties>
    </artifact>
    <artifact classifier='osgi.bundle' id='javax.annotation' version='1.2.0.v201602091430'>
      <properties size='1'>
        <property name='download.size' value='29148'/>
      </properties>
    </artifact>
    <artifact classifier='osgi.bundle' id='org.eclipse.osgi' version='3.11.2.v20161107-1947'>
      <properties size='1'>
        <property name='download.size' value='1383928'/>
      </properties>
    </artifact>
    <artifact classifier='osgi.bundle' id='org.eclipse.e4.ui.widgets' version='1.1.100.v20160506-0759'>
      <properties size='1'>
        <property name='download.size' value='15378'/>
      </properties>
    </artifact>
    <artifact classifier='osgi.bundle' id='com.ibm.icu' version='56.1.0.v201601250100'>
      <properties size='1'>
        <property name='download.size' value='11365876'/>
      </properties>
    </artifact>
    <artifact classifier='osgi.bundle' id='org.eclipse.e4.ui.workbench.renderers.swt' version='0.14.0.v20160525-0940'>
      <properties size='1'>
        <property name='download.size' value='299608'/>
      </properties>
    </artifact>
    <artifact classifier='osgi.bundle' id='org.eclipse.emf.ecore' version='2.12.0.v20160420-0247'>
      <properties size='1'>
        <property name='download.size' value='1190945'/>
      </properties>
    </artifact>
    <artifact classifier='osgi.bundle' id='org.eclipse.jface.databinding' version='1.8.1.v20161026-1531'>
      <properties size='1'>
        <property name='download.size' value='290885'/>
      </properties>
    </artifact>
    <artifact classifier='osgi.bundle' id='org.aspectj.runtime' version='1.8.10.201701131634'>
      <properties size='1'>
        <property name='download.size' value='138905'/>
      </properties>
    </artifact>
    <artifact classifier='osgi.bundle' id='org.eclipse.e4.ui.bindings' version='0.11.100.v20160509-1025'>
      <properties size='1'>
        <property name='download.size' value='50737'/>
      </properties>
    </artifact>
    <artifact classifier='osgi.bundle' id='org.eclipse.osgi.compatibility.state' version='1.0.200.v20160504-1419'>
      <properties size='1'>
        <property name='download.size' value='244042'/>
      </properties>
    </artifact>
    <artifact classifier='osgi.bundle' id='org.eclipse.e4.core.di.annotations' version='1.5.0.v20151127-1241'>
      <properties size='1'>
        <property name='download.size' value='11738'/>
      </properties>
    </artifact>
    <artifact classifier='osgi.bundle' id='org.eclipse.core.runtime.source' version='3.12.0.v20160606-1342'>
      <properties size='1'>
        <property name='download.size' value='87641'/>
      </properties>
    </artifact>
    <artifact classifier='osgi.bundle' id='org.eclipse.e4.emf.xpath' version='0.1.200.v20160506-0804'>
      <properties size='1'>
        <property name='download.size' value='50089'/>
      </properties>
    </artifact>
    <artifact classifier='osgi.bundle' id='org.eclipse.e4.ui.workbench3' version='0.13.100.v20160506-0759'>
      <properties size='1'>
        <property name='download.size' value='10954'/>
      </properties>
    </artifact>
    <artifact classifier='osgi.bundle' id='org.eclipse.equinox.preferences' version='3.6.1.v20160815-1406'>
      <properties size='1'>
        <property name='download.size' value='133114'/>
      </properties>
    </artifact>
    <artifact classifier='osgi.bundle' id='org.eclipse.e4.ui.model.workbench' version='1.2.0.v20160229-1459'>
      <properties size='1'>
        <property name='download.size' value='385199'/>
      </properties>
    </artifact>
    <artifact classifier='osgi.bundle' id='org.eclipse.e4.ui.services' version='1.2.100.v20160506-0759'>
      <properties size='1'>
        <property name='download.size' value='28151'/>
      </properties>
    </artifact>
    <artifact classifier='osgi.bundle' id='org.eclipse.swt.win32.win32.x86' version='3.105.2.v20161122-0613'>
      <properties size='1'>
        <property name='download.size' value='2869208'/>
      </properties>
    </artifact>
    <artifact classifier='osgi.bundle' id='org.eclipse.e4.core.di.extensions' version='0.14.0.v20160211-1614'>
      <properties size='1'>
        <property name='download.size' value='27795'/>
      </properties>
    </artifact>
    <artifact classifier='osgi.bundle' id='org.eclipse.equinox.launcher.win32.win32.x86' version='1.1.401.v20161122-1740'>
      <properties size='1'>
        <property name='download.size' value='28256'/>
      </properties>
      <repositoryProperties size='1'>
        <property name='artifact.folder' value='true'/>
      </repositoryProperties>
    </artifact>
    <artifact classifier='osgi.bundle' id='org.w3c.dom.events' version='3.0.0.draft20060413_v201105210656'>
      <properties size='1'>
        <property name='download.size' value='18205'/>
      </properties>
    </artifact>
    <artifact classifier='osgi.bundle' id='org.eclipse.emf.common' version='2.12.0.v20160420-0247'>
      <properties size='1'>
        <property name='download.size' value='357670'/>
      </properties>
    </artifact>
    <artifact classifier='osgi.bundle' id='org.eclipse.core.databinding.observable' version='1.6.0.v20160511-1747'>
      <properties size='1'>
        <property name='download.size' value='354911'/>
      </properties>
    </artifact>
    <artifact classifier='osgi.bundle' id='org.eclipse.equinox.common' version='3.8.0.v20160509-1230'>
      <properties size='1'>
        <property name='download.size' value='120435'/>
      </properties>
    </artifact>
    <artifact classifier='osgi.bundle' id='org.eclipse.core.databinding' version='1.6.0.v20160412-0910'>
      <properties size='1'>
        <property name='download.size' value='204409'/>
      </properties>
    </artifact>
    <artifact classifier='osgi.bundle' id='org.eclipse.e4.core.contexts' version='1.5.0.v20160504-0909'>
      <properties size='1'>
        <property name='download.size' value='48129'/>
      </properties>
    </artifact>
    <artifact classifier='osgi.bundle' id='org.eclipse.equinox.registry' version='3.6.100.v20160223-2218'>
      <properties size='1'>
        <property name='download.size' value='186860'/>
      </properties>
    </artifact>
    <artifact classifier='osgi.bundle' id='org.apache.batik.util' version='1.7.0.v201011041433'>
      <properties size='1'>
        <property name='download.size' value='158140'/>
      </properties>
    </artifact>
    <artifact classifier='osgi.bundle' id='org.eclipse.e4.ui.workbench.swt.source' version='0.14.1.v20160829-0832'>
      <properties size='1'>
        <property name='download.size' value='108062'/>
      </properties>
    </artifact>
    <artifact classifier='osgi.bundle' id='org.w3c.dom.svg' version='1.1.0.v201011041433'>
      <properties size='1'>
        <property name='download.size' value='97382'/>
      </properties>
    </artifact>
    <artifact classifier='osgi.bundle' id='org.apache.batik.css' version='1.7.0.v201011041433'>
      <properties size='1'>
        <property name='download.size' value='356012'/>
      </properties>
    </artifact>
    <artifact classifier='osgi.bundle' id='org.eclipse.e4.core.services' version='2.0.100.v20160509-1032'>
      <properties size='1'>
        <property name='download.size' value='54479'/>
      </properties>
    </artifact>
    <artifact classifier='osgi.bundle' id='org.eclipse.equinox.weaving.hook' version='1.1.200.v20150730-1648'>
      <properties size='1'>
        <property name='download.size' value='51679'/>
      </properties>
    </artifact>
    <artifact classifier='osgi.bundle' id='org.eclipse.emf.ecore.change' version='2.11.0.v20160420-0247'>
      <properties size='1'>
        <property name='download.size' value='87096'/>
      </properties>
    </artifact>
    <artifact classifier='osgi.bundle' id='org.eclipse.e4.ui.di' version='1.1.100.v20160506-0759'>
      <properties size='1'>
        <property name='download.size' value='16800'/>
      </properties>
    </artifact>
    <artifact classifier='osgi.bundle' id='org.eclipse.core.runtime' version='3.12.0.v20160606-1342'>
      <properties size='1'>
        <property name='download.size' value='75728'/>
      </properties>
    </artifact>
    <artifact classifier='osgi.bundle' id='org.eclipse.e4.ui.workbench.swt' version='0.14.1.v20160829-0832'>
      <properties size='1'>
        <property name='download.size' value='191811'/>
      </properties>
    </artifact>
    <artifact classifier='osgi.bundle' id='org.eclipse.core.commands' version='3.8.0.v20160316-1921'>
      <properties size='1'>
        <property name='download.size' value='115077'/>
      </properties>
    </artifact>
    <artifact classifier='osgi.bundle' id='org.eclipse.e4.ui.css.core' version='0.12.1.v20161114-0210'>
      <properties size='1'>
        <property name='download.size' value='215924'/>
      </properties>
    </artifact>
    <artifact classifier='osgi.bundle' id='javax.xml' version='1.3.4.v201005080400'>
      <properties size='1'>
        <property name='download.size' value='252201'/>
      </properties>
    </artifact>
    <artifact classifier='osgi.bundle' id='logger' version='0.0.1'>
      <properties size='1'>
        <property name='download.size' value='8575'/>
      </properties>
    </artifact>
    <artifact classifier='osgi.bundle' id='org.w3c.dom.smil' version='1.0.1.v200903091627'>
      <properties size='1'>
        <property name='download.size' value='20106'/>
      </properties>
    </artifact>
    <artifact classifier='osgi.bundle' id='org.apache.commons.jxpath' version='1.3.0.v200911051830'>
      <properties size='1'>
        <property name='download.size' value='315491'/>
      </properties>
    </artifact>
    <artifact classifier='osgi.bundle' id='org.eclipse.equinox.app' version='1.3.400.v20150715-1528'>
      <properties size='1'>
        <property name='download.size' value='87766'/>
      </properties>
    </artifact>
    <artifact classifier='osgi.bundle' id='org.apache.batik.util.gui' version='1.7.0.v200903091627'>
      <properties size='1'>
        <property name='download.size' value='212351'/>
      </properties>
    </artifact>
    <artifact classifier='osgi.bundle' id='org.eclipse.core.jobs' version='3.8.0.v20160509-0411'>
      <properties size='1'>
        <property name='download.size' value='111093'/>
      </properties>
    </artifact>
    <artifact classifier='osgi.bundle' id='javax.inject' version='1.0.0.v20091030'>
      <properties size='1'>
        <property name='download.size' value='16996'/>
      </properties>
    </artifact>
    <artifact classifier='osgi.bundle' id='org.slf4j.api' version='1.7.2.v20121108-1250'>
      <properties size='1'>
        <property name='download.size' value='34566'/>
      </properties>
    </artifact>
    <artifact classifier='osgi.bundle' id='org.eclipse.core.contenttype' version='3.5.100.v20160418-1621'>
      <properties size='1'>
        <property name='download.size' value='101190'/>
      </properties>
    </artifact>
    <artifact classifier='osgi.bundle' id='org.apache.log4j' version='1.2.15.v201012070815'>
      <properties size='1'>
        <property name='download.size' value='415047'/>
      </properties>
    </artifact>
    <artifact classifier='osgi.bundle' id='org.eclipse.core.expressions' version='3.5.100.v20160418-1621'>
      <properties size='1'>
        <property name='download.size' value='91504'/>
      </properties>
    </artifact>
    <artifact classifier='osgi.bundle' id='org.eclipse.wst.jsdt.nashorn.extension' version='1.0.0.v201605131737'>
      <properties size='1'>
        <property name='download.size' value='15218'/>
      </properties>
    </artifact>
    <artifact classifier='osgi.bundle' id='org.eclipse.core.databinding.property' version='1.6.0.v20160427-0852'>
      <properties size='1'>
        <property name='download.size' value='196421'/>
      </properties>
    </artifact>
    <artifact classifier='osgi.bundle' id='org.eclipse.equinox.ds' version='1.4.400.v20160226-2036'>
      <properties size='1'>
        <property name='download.size' value='196894'/>
      </properties>
    </artifact>
    <artifact classifier='osgi.bundle' id='reader' version='0.0.1'>
      <properties size='1'>
        <property name='download.size' value='3906307'/>
      </properties>
    </artifact>
    <artifact classifier='osgi.bundle' id='org.eclipse.equinox.launcher' version='1.3.201.v20161025-1711'>
      <properties size='1'>
        <property name='download.size' value='51766'/>
      </properties>
    </artifact>
    <artifact classifier='osgi.bundle' id='org.eclipse.e4.ui.css.swt.theme' version='0.10.100.v20160523-0836'>
      <properties size='1'>
        <property name='download.size' value='27497'/>
      </properties>
    </artifact>
    <artifact classifier='osgi.bundle' id='org.w3c.css.sac' version='1.3.1.v200903091627'>
      <properties size='1'>
        <property name='download.size' value='38584'/>
      </properties>
    </artifact>
    <artifact classifier='osgi.bundle' id='org.eclipse.osgi.services' version='3.5.100.v20160504-1419'>
      <properties size='1'>
        <property name='download.size' value='111152'/>
      </properties>
    </artifact>
    <artifact classifier='osgi.bundle' id='org.eclipse.e4.core.commands' version='0.11.100.v20160506-0804'>
      <properties size='1'>
        <property name='download.size' value='26000'/>
      </properties>
    </artifact>
    <artifact classifier='osgi.bundle' id='org.eclipse.equinox.simpleconfigurator' version='1.1.200.v20160504-1450'>
      <properties size='1'>
        <property name='download.size' value='44424'/>
      </properties>
    </artifact>
    <artifact classifier='osgi.bundle' id='org.eclipse.e4.ui.css.swt' version='0.12.100.v20160517-1505'>
      <properties size='1'>
        <property name='download.size' value='259445'/>
      </properties>
    </artifact>
    <artifact classifier='osgi.bundle' id='org.eclipse.equinox.event' version='1.3.200.v20160324-1850'>
      <properties size='1'>
        <property name='download.size' value='34366'/>
      </properties>
    </artifact>
    <artifact classifier='osgi.bundle' id='org.eclipse.jface' version='3.12.1.v20160923-1528'>
      <properties size='1'>
        <property name='download.size' value='1086977'/>
      </properties>
    </artifact>
    <artifact classifier='osgi.bundle' id='org.eclipse.equinox.util' version='1.0.500.v20130404-1337'>
      <properties size='1'>
        <property name='download.size' value='77932'/>
      </properties>
    </artifact>
    <artifact classifier='osgi.bundle' id='org.eclipse.e4.core.di' version='1.6.1.v20160712-0927'>
      <properties size='1'>
        <property name='download.size' value='54696'/>
      </properties>
    </artifact>
    <artifact classifier='osgi.bundle' id='org.eclipse.e4.ui.workbench' version='1.4.0.v20160517-1624'>
      <properties size='1'>
        <property name='download.size' value='249245'/>
      </properties>
    </artifact>
  </artifacts>
</repository>
